0		The End of Misunderstanding and Mistreatment
1		However, I cannot just head back home as it is.
2		There's no way I'm leaving Kuroneko with that 
self-destructive money-grubber.
3	Kyousuke	That's enough joking around.
4	Kyousuke	Let's head back, Kuroneko.
5	Kuroneko	...You must've not heard what I said. My name is...
6	Kyousuke	Whatever's fine, be it Yamineko or Kuroneko.
7	Kyousuke	We need to talk. Let's have a proper conversation.
8	Kuroneko	......
9	Kuroneko	The angel of vengeance, Yamineko.
10		...What a bothersome woman.
11	Kyousuke	Alright. Then, "Yamineko".
12	Kyousuke	Let's have a chat. A proper one.
13	Kuroneko	...Hmph.
14	Kuroneko	I have nothing to say to you.
15	Kyousuke	I've been worried about you, though.
16	Kuroneko	...R-Really?
17	Kyousuke	Your little sisters are worried about you, you know.
18	Kuroneko	...Oh.
19	Kuroneko	So you're not at all concerned then.
20	Kyousuke	No, I'm worried too.
21	Kuroneko	...Please don't interfere with my business.
22	Kuroneko	Just return to your beloved girlfriend's side.
23	Kyousuke	Girlfriend? What are you talking about?
24	Kuroneko	Eh?
25	Kuroneko	D-Don't play dumb... You were together with that 
second snobbishly fashionable one.
26	Kyousuke	Do you mean Ayase?
27	Kyousuke	We aren't really dating, you know.
28	Kyousuke	Don't make strange misunderstandings like that.
29	Kuroneko	Wha...
30	Kuroneko	T-That's a lie.
31	Kuroneko	Because that time, you...
32	Kyousuke	I thought I've made it clear that you're wrong.
33	Kyousuke	But it doesn't seem like you're convinced yet.
34	Kyousuke	Think carefully, what happened back then.
35	Kuroneko	......
36	Kuroneko	...You aren't dating anyone?
37	Kyousuke	Yep.
38	Kuroneko	...It was simply my... misunderstanding?
39	Kyousuke	Yep.
40	Kuroneko	...Fu... Fu... I see, I see... I understand now... Fufufu...
