0		Akagi x Kyousuke x Makabe
1		Looking back on what happened, my relationship 
with Sena might have peaked then.
2		In the end, the breast countdown stopped. Since 
then the timer has been stuck at 1.
3		In the end, the breast countdown stopped. Since 
then, there wasn't any progress made.
4		And right now, I'm...
5	Kyousuke	I never thought we would be joining the same 
company at the same time...
6	Makabe	That's what I should be saying. You two knew each 
other from way back, but here I am, the new 
addition.
7	Akagi	You say that, but we were together when we made that 
game, right? If we're talking unexpected, I'm the odd one 
out here. Why am I here with you guys?
8	Kyousuke	Well, call it an undesirable but inseperable 
friendship...
9		It had been a few years after that incident.
10		It took us another year's attempt, but Akagi and I 
got into the same university.
11		Then, by chance, we met Makabe there, somehow it 
led to us making games again... We even ended up 
getting a job at the same game company.
12	Makabe	I wished the President was here to make the team 
out of the four of us, though.
13	Kyousuke	Yeah... I never thought he would still be repeating 
the same year yet again...
14		I heard he's known as the Game Research Club's 
Living Buddha now...
15	Akagi	But hey, it's still awesome that the three of us 
secured a job here.
16	Kyousuke	Yeah. Even though I still have no idea what you do 
when it comes to work.
17		He's not the creative type. In fact, he's the same as 
ever.
18	Akagi	Yeah well, even in game companies, people are 
tested on their stamina. I'm so handsome. They'll 
surely treasure me!
19	Kyousuke	Normally people don't describe themselves as "I'm 
so handsome".
20	Makabe	Well I mean, it's true... ahahaha...
21		Makabe was the one who made retorts back at the 
Game Research Club, but when he interjects 
nowadays, he works as a buffer.
22		The three of us may actually work pretty well 
together.
23	Akagi	Alright! I look forward to working with everyone 
here at Bandai Namco Games!!!
24	Kyousuke	Stop making a scene in front of the company, they'll 
think you're weird!
25	Makabe	I wonder if we'll get along within the company...
26	Kyousuke	We'll manage somehow, as usual... Well, let's put in 
our best effort.
27		As I was replying to Makabe, I was silently getting 
fired up.
28		I will... I must accomplish the dream I couldn't at 
the Game Research Club, right in this very 
company.
29		Here at Bandai Namco Games...
30		I'll make the RPG filled with big-breasted 
glasses-wearing girls that will go down in history!
31		While I steeled myself, there was a girl hidden in 
cover watching this scene unfold, someone I wasn't 
yet aware of.
32	Sena	Wow, a school love triangle changing into a 
three-way relationship!?
33	Sena	Onii-chan and Kousaka-senpai having Makabe-senpai 
wedged in the middle... I never thought they would 
all enter the same company...!
34	Sena	W-What should I do... What if Onii-chan and 
Kousaka-senpai ended up making love in the 
company, in their uniforms...?
35	Sena	And Makabe-senpai getting all the affection of the 
entire male staff during the welcome party...!!
36	Sena	...It looks so fun... Maybe I'll enter this BanNamu 
company too...
37	Kyousuke	Okay, let's go!
38	Makabe	Okay.
39	Akagi	Yeah.
40	Sena	Uhihihihi...
41		Huh? What's with that strange noise just now?
42		Probably just my imagination. At any rate...
43		Our battle starts now!!
44		｛110："My job can't be at Bandai Namco 
Games"｝ ｛135：The End!!｝
45		Please look forward to Kousaka Kyousuke-sensei's 
next work!
