0		The Descent of a Holy Angel
1		The next day.
2		After receiving a mail from Kuroneko stating, "I 
have found my target and issued my challenge", I 
went to the same Game Center as yesterday.
3	Otaku 1	Hey, it looks like an amazing battle is about to take 
place!
4	Otaku 2	A challenge to the awesome female gamer that's 
been dominating here lately? Who is her opponent?
5	Otaku 1	It's still a rumor, but they say it's the legendary 
"Matsudo Black Cat"...
6	Otaku 2	You're joking, right!? She came all the way out to 
Chiba!
7		...It has turned into something serious.
8		How in the world did Kuroneko issue her 
challenge?
9		When I approached the centre of the turmoil,
10		I saw the female gamer, who achieved the 
100-streak win yesterday, standing there with 
confidence.
11	Kyousuke	So it was her after all.
12		This person, who appears to be an arrogant female 
gamer, shouted towards the peanut gallery.
13	??	Ooh! Now, this is quite the gathering!
14	??	Since my opponent hasn't arrived yet; I shall keep 
everyone entertained, let me introduce myself.
15	Fairy	I am "fairy", the world's strongest fighting game 
player!
16	Otaku 1	｛150：Whoaaaaaaa-----!｝
17	Otaku 2	W｛105：h｝｛110：h｝｛115：o｝｛120：o｝｛125：o｝｛130：o｝｛135：o｝｛140：o｝｛145：a｝｛150：----!｝
18		The crowd is getting excited.
19		Yet again, the world's strongest came out 
grandiosely.
20		She is one spirited lady.
21		At that age, there's no way she's a fairy.
22		She sure has confidence, in a lot of ways.
23	Otaku 1	"fairy", the pro gamer who won the Siscaly World 
Tournament...
24	Fairy	｛120：Ha｝｛115：ha｝｛110：ha｝｛105：ha｝ha!!｛125：Exactly!!｝
25	Otaku 1	｛130：Wooooooooow----!｝
26	Otaku 2	｛150：Whoooooooooaaaaaaaa----!｝
27		The otakus rejoice.
28		That loud laughter is a good fit for fairy-san.
29	Otaku 1	So she was Japanese!
30	Fairy	Yes, of course!
31	Otaku 1	She's a beauty!
32	Fairy	Hahaha! That's right! That's right!
33	Otaku 2	fairy-tan wasn't a loli!? This is a betrayal!
34	Fairy	...Hey, whoever that just said that, step out and face 
me.
35	Otaku 2	Don't overdo it, old hag.
36	Fairy	｛130：Whaaaat?!?!｝
37		And fairy-san delivered an iron fist without mercy.
38		Such a forceful person.
39	Fairy	The manager here is an acquaintance of mine. To 
hype this match up, I have reserved the fighting 
game corner for a short time. Please understand.
40		Looking closer at the layout, there's only one Siscaly 
arcade machine left, the other games were 
relocated.
41		The lighting has also been adjusted. It's practically 
a simple stage for events now.
42		This is certainly standing out.
43		fairy-san seems to be the type who enjoys the 
commotion.
44	Fairy	My opponent seems to be a gamer with 
world-tournament experience as well. It'll be a 
match worth watching. Look forward to it.
45	Otaku 1	｛120：Whoaa--!｝
46	Otaku 2	Whoa--!
47	Fairy	Well then, it's about time to get things started. Let 
us have the opponent come forth.
48	Fairy	Now! Show yourself! Matsudo Black Cat!
49		The lights turned off.
50		Then...
51		The holy angel descended.
52	Kyousuke	......
53	Fairy	......
54	Otaku 1	......
55	Otaku 2	......
56		Everyone widened their eyes in mute amazement.
57	Kyousuke	...W-What... that's...
58	Kuroneko	...Hmph.
59	Kuroneko	I must've kept you waiting, "fairy". I am "Matsudo 
Black Cat"... No, not anymore.
60	Kuroneko	I'm now known as--
61	Kamineko	The Holy Angel "Kamineko".
62		...Kuroneko's beyond all hope.
63	Otaku 1	Hey, that girl... Isn't that bad?
64	Otaku 2	Really bad.
65	Fairy	...What has happened to Japan while I was away?
66		As expected, even fairy-san is shocked.
67		Facing the audience full of people trying to making 
sense of the situation... ignoring their confusion, the 
Holy Angel spoke.
68	Kamineko	Now then, let the battle of destiny begin... In this 
form, I will show you that I can win even against 
God.
69	Fairy	...This is bad, I don't think I can win this.
