0		Kiririn and Kuro-nyan Theater
1	Kiririn	......
2	Kuronyan	......
3	Kiririn	Th-That was regrettable~!
4	Kuronyan	That's all you have to say? Well, that's fine.
5	Kuronyan	Welcome to the final stop of your destiny. To 
prevent this from happening again, we'll bestow 
upon you some guidance.
6	Kiririn	W-Well, it's not like it's my fault, right? I mean, are 
you saying it was a mistake to have an accidental 
meeting?
7	Kuronyan	Meeting you two was the end of any good luck, 
you mean?
8	Kiririn	Shut up! ...What just happened feels like a total 
consolation prize. Two-shot conversations are pretty 
important, so take it seriously.
9	Kiririn	Think well about your partner and how you really 
feel before answering.
10	Kiririn	That said, no one likes a guy who just goes against 
every single thing! Sometimes you gotta just shut 
up and accept it!
11	Kuronyan	Even if it's Belphegor, you'll see an opening if you 
praise her. Don't you think pressing on with that 
knowledge is enough?
12	Kiririn	Exactly, just like that! You just need to think about 
what would make her happy!
13	Kuronyan	Oh lost sheep. Take our words to heart, and pursue 
a future without regret.
14	Kiririn	Welp, see ya~!
