0		Approaching Chest x Awaiting Lips
1		Sena stood there smiling, looking straight at me.
2	Sena	Kousaka-senpai...
3	Kyousuke	Y-Yeah?
4	Sena	I had a lot of fun making a game together with 
you. Not only that but visiting Ikebukuro for 
research, and your snacks when pulling overtime...
5	Kyousuke	I... haven't done anything special. You're the one who 
really gave it your all.
6	Sena	I could only do it because of you. After all... you 
were there for me.
7		As she watched on intently, Sena slowly got closer. 
Having a hunch on what this is about to lead to, my 
heart started beating like crazy.
8	Sena	I'm... glad I met you. If it's someone like you... I 
thought he might be able to be my boyfriend.
9	Sena	That's what I think...
10		With the distance between us continuously getting 
smaller, Sena's face... is right before my very eyes. I 
can even feel that huge chest of hers now.
11		Her chest is beating hard too... Or wait, isn't that 
coming from mine? Crap, I don't know what's going 
on now...
12		Sena closed her eyes, as if being sucked in, I 
approached her lips...
13		Lightly on those soft lips-
14	Sena	!
15	Kyousuke	W-W-W-What?
16		I turned towards where the sound was coming 
from, but no one was there.
17	Sena	U-Um... Senpai!
18	Kyousuke	Y-Yeah!?
19	Sena	Next time, do you wanna... go out somewhere 
together? You helped me a lot this time and I want 
to properly thank you, so...
20	Sena	Not at Ikebukuro or Akihabara, somewhere like an 
amusement park... just the two of us...? How about 
it...?
21	Kyousuke	Th-that's a great idea! I mean, we're talking about 
the first kiss, so it would be better to do that in the 
middle of the date than getting carried away here.
22	Sena	I-It's not a date! It's a thank you for helping with 
the game!
23	Kyousuke	Ah, r-really?
24	Sena	B-But... if you think it might be better that way, you 
could treat it like it's a date...?
25	Sena	And you know... if it's a date... and if we're lovers... 
stuff like kissing... might be okay...
26	Kyousuke	Eh... ｛150：Eh?｝
27	Sena	I-I'll send you a text later! P-Please keep this a 
secret from Onii-chan!
28		And with that, she bolted out of the club room.
