0		Let's Thanatos!
1	Ayase	Wait a minute! What does this have anything to do 
with what we discussed earlier?!
2	Kyousuke	Come to think of it, Kirino does seem to have an 
interest in cosplaying.
3	Ayase	You're just saying that!
4	Ayase	Onii-san, why can't you just be honest? I just want 
to understand Kirino's hobbies...
5	Kyousuke	No, it's true.
6	Ayase	...Eh? R-Really?
7	Kyousuke	Naturally. In fact, I've even seen her cosplaying 
before.
8	Ayase	S-So it is true...
9	Ayase	By the way, Onii-san.
10	Kyousuke	Hm?
11	Ayase	You don't happen to have a photo from that time?
12	Kyousuke	...You know, sometimes I think you care more for 
Kirino than you do for me.
13	Ayase	What are you saying, Onii-san? I love you both and 
you know that.
14	Kyousuke	Somehow, I just can't accept that...
15	Ayase	See? Now you're lying again. Geez...
16	Kyousuke	I'm not lying.
17	Ayase	Then please show me some proof.
18	Kyousuke	...Eh?
19	Ayase	Proof. If there's a photo, I'd believe you right away.
20	Kyousuke	...You just want Kirino's photo, don't you?
21	Ayase	...That's not true.
22	Kyousuke	......
23	Ayase	S-Stop glancing at that outfit!
24	Kyousuke	Hey now, Ayase. You're making it sound like I'm 
trying to force you to wear that cosplay.
25	Ayase	There you go with your blatant attitude again...
26	Kyousuke	Regardless, this is a part of otaku culture too.
27	Ayase	T-That doesn't change anything!
28	Kyousuke	Listen, Ayase. This is for Kirino's sake.
29	Ayase	...What do you mean?
30	Kyousuke	If you were to cosplay as a character from her 
beloved Meruru, even Kirino would fall head over 
heels for you.
31	Ayase	I'm not doing it! Do you want to see me wearing 
such perverted clothing that badly?!
32	Kyousuke	...
33	Ayase	U-Um, Onii-san?
34	Kyousuke	No, I'm sorry, Ayase.
35	Ayase	Eh?
36	Kyousuke	I understand. No matter how much you're trying to 
understand otaku culture, you'd absolutely hate 
doing something like that.
37	Ayase	T-That's right. I won't wear such vulgar--
38	Kyousuke	Though the last time you came over, you ended up 
wearing a maid uniform.
39	Ayase	T-That's because Saori-san was so pushy...
40	Kyousuke	I really wanted to see Ayase cosplay Thanatos.
41	Ayase	...N-No means no.
42	Ayase	Anyway, I definitely won't wear it!
43	Kyousuke	I get it.
44	Ayase	...Do you really get it?
45	Kyousuke	Yeah.
46	Ayase	...
47	Kyousuke	Let's just enter the shop for now, okay?
48	Ayase	Fine. If it's just looking at it...
49	Kyousuke	Eh, really?
50	Ayase	...This is a part of otaku culture, after all...
51	Kyousuke	For now, let's just enter the shop, okay?
52	Ayase	You say that, but...
53	Kyousuke	...You really don't trust me, do you?
54	Ayase	Reflect on what you said just moments ago.
