0		New Whereabouts?
1		The key to a happy marriage is understanding 
each other, or so I believe. Whether if it's our strong 
points or if it's our weak points, everything...
2		Not too long after graduating from college, we 
married each other, soon enough, we became a 
family of three.
3		I can't say we are wealthy but, we are living like a 
normal family. There's always a ruckus, but it's 
bright, fun and wonderful-
4		Hinata and Tamaki are both always kind to me. I 
am truly surrounded by happiness. And one more 
happiness is about to visit our househ-
5	Kuroneko	...What on earth are you up to?
6		I jumped in shock after hearing a voice from 
behind me.
7	Yuri	M-Mom!? Geez, don't scare me like that!
8	Kuroneko	"Future Diary?"
9	Yuri	Urgh...
10		My mom's eyes, who peeked into my notebook, 
started glistening in an instant.
11		...That's... the face of her finding a toy. Whenever Mom 
makes that face, either Dad or I end up in trouble.
12	Kuroneko	Hey Yuri, it's fine for you to daydream, but if you 
get too delusional, you'll end up hurt.
13	Yuri	Y-You're the only one I don't want to hear that 
from, Mom!
14	Kuroneko	But, how did you...?
15	Yuri	I heard from Aunt Hinata!
16	Kuroneko	W-What...? Hinata!
17	Hinata	What's up, Ruri-nee?
18	Tamaki	No fighting, you two.
19	Kuroneko	Don't say "what's up". Why did you tell her things 
she didn't need to hear?
20	Hinata	Ah, about your past with chuunibyou, Ruri-nee? It's 
fine, there's no need to hide it.
21	Yuri	See, I knew it! Both Mom and Aunt Tamaki were 
like that!
22	Tamaki	Wha!? I-I'm no longer like that, okay!
23	Hinata	Oh really~? I don't think you've given it up 
completely.
24	Tamaki	You're saying that too...
25	Yuri	Aunt Tamaki, you kept telling me to call you 
"Onee-sama" whenever we meet.
26	Kuroneko	Tamaki, you...
27	Tamaki	N-No, it's nothing like that...
28	Kyousuke	I'm home!
29	Tamaki	H-Hey, your Dad's home.
30	Yuri	Geez, don't dodge the issue.
31	Kyousuke	Huh? What happened?
32	Tamaki	Wawah, it's nothing!
33	Hinata	Oh, we were just talking about how reliable 
Yuri-chan has become.
34	Kyousuke	?  What was it all about?
35	Kuroneko	Welcome home, Kyousuke.
36	Kyousuke	I'm home, Ruri.
37	Hinata	And there's the "I'm home" kiss... Oh boy, keeping 
things hot like always~!
38	Yuri	This happens every time but, just looking makes 
me embarrassed...
39		At least refrain yourselves when we have guests 
over...? It's impossible though, they're too 
lovey-dovey.
40	Kirino	Hey, don't just stand there, carry my luggage!
41	Kyousuke	Ah, sorry.
42	Kuroneko	Oh my, what a rare sight.
43	Kirino	I just happened to be in the neighborhood, visiting 
my parents. You look well.
44	Kuroneko	Thank you.
45		Geh, Aunt Kirino... I'm a bit poor at handling this 
person. If I don't call her Onee-chan, she gets all 
mad. Sometimes her eyes get all scary too.
46	Kirino	Ah, Yuri-chan! You've gotten bigger!
47	Yuri	Welcome, Kirino......onee-chan.
48	Kirino	Man, Yuri-chan's way too cute~!
49		Aunt Kirino pushed her luggage onto Dad, then she 
energetically hugged me!
50		T-This is why I don't like her at all!!
51	Kirino	...Huh? What's this notebook?
52	Kuroneko	It looks like Yuri was thinking about her ideal family.
53		Somehow I escaped Aunt Kirino's demonic hands, I 
retreat towards Dad but...
54	Kyousuke	You mean, you found a person you like, Yuri!? Dad 
won't approve of this!
55	Yuri	Dad, you sound just like grandpa...
56	Kyousuke	D-Do I...?
57	Kuroneko	Hehe.
58	Kirino	Ah, but there's nothing written in here about me.
59		Aunt Kirino raised her voice sadly after reading my 
notebook without asking me.
60		Even if you say that... it's supposed to be an image 
of my future family...
61	Kirino	Yuri-chan's my wife, and yet...
62	Hinata	Kirino-san's energetic like always.
63	Yuri	Mo~m. I'm not confident at all that I can grow up 
properly in this environment.
64		Honestly, there are plenty of bad examples here 
that could cause real harm...
65	Kuroneko	Hehe.
66		Mom happily laughs as I say that... No, this isn't a 
laughing matter... okay?
67	Kuroneko	But you know, Yuri will be an older sister soon, so 
it'll be a handful if we don't get it together.
68		As Mom said that, she gently smiled while rubbing 
her stomach.
69	Yuri	No way!? I'm going to be an older sister?
70	Kuroneko	Yes. Here Yuri, come over?
71	Yuri	Yeah!
72	Yuri	Hey, is it going to be a boy? Or maybe it's a girl?
73	Kuroneko	Which would you prefer, Yuri?
74	Yuri	Well I think-
75		I wonder? Brother or sister, I'll probably be happy. 
But if I had to pick one-
76		As they watched me worrying over this choice... 
Dad and Mom gently smiled.
