0		Dark Angel Ayase-tan
1	Ayase	...Onii-san.
2	Ayase	Do you want to see me wearing that costume that 
badly?
3	Kyousuke	...Eh?
4	Ayase	L-Like I said, do you really want to see me wearing 
that costume?
5	Kyousuke	I do, but... Are you okay with that?
6	Ayase	Well, I doubted you earlier, Onii-san, so...
7	Kyousuke	You don't have to force yourself.
8	Ayase	You're the one who said you wanted to see me 
wearing it...
9	Kyousuke	Well, I was kind of half-joking.
10		And the other half was my desire speaking.
11	Ayase	Anyway... J-Just this one time!
12	Kyousuke	H-Hey...
13		Ayase seized my hand and hurriedly dragged me 
into the store.
14		Without a moment's delay, she grabbed the 
Thanatos costume and headed into the dressing 
room.
15		...
16		......
17	Ayase	...Eh? There isn't any more cloth than this?!
18	Ayase	I-If I go out looking like this...
19		Along with the rustling of silk, Ayase's voice could 
be heard inside the booth.
20		Wait, she's actually changing in there? For real?!
21	Ayase	...W-What do you think?
22	Kyousuke	...
23	Ayase	Um, Onii-san?
24	Kyousuke	Lo...
25	Ayase	Lo?
26	Kyousuke	｛140：Lovely My Angel Ayase-tan has 
descended!!｝
27		...She's so cute! And so sexy!
28		Crap, I wouldn't even mind if I died right here and 
now.
29	Ayase	Onii-san, your voice...
30	Kyousuke	I-Impossibly cute!
31	Ayase	Um, Onii-san? Your stare looks kind of lewd...
32		This absolutely has to be passed down to coming 
generations! I have to make sure of it!
33	Ayase	Um, are you sure you're okay, Onii-san?
34	Kyousuke	Of course, Ayase! Just leave it to me! I'll get a 
perfect shot right here in this room!
35		I deftly moved my hands to grab my phone to 
snap a shot.
36	Ayase	Wha--!
37	Kyousuke	Okay, do a Thanatos pose, Ayase! Push your chest 
out like this!
38	Ayase	｛200：You pervert!!｝
39		At that moment, Ayase, who was beyond herself 
with embarrassment, gave me a splendid high kick 
which snatched away my consciousness.
