0		The Dead End of Secrecy
1	Ayase	So you were being unfaithful after all!
2	Kyousuke	Hey, Ayase! Calm down!
3	Ayase	And to think I trusted you...
4	Kyousuke	W-Wait! Why is that in past tense...
5	Kyousuke	A...yase?
6		A silver-colored flash came from Ayase's hand...
7		...Why does she have something like that...?
8	Ayase	Don't worry, Onii-san. I won't kill you.
9		Ayase gently cradled my head as I fell helplessly 
into her lap.
10	Ayase	But I'll make it so that you can never betray me.
11	Ayase	Everything will be okay. No matter what becomes 
of Onii-san, I will take care of you forever...
12		I'm telling you, that wasn't unfaithfulness...
13		Before I could make that point, my vision slowly 
began to dim...
14	Ayase	Goodnight, Onii-san.
15		As my consciousness faded, Ayase's smile was the 
last thing I saw...
