0		The Awkward World
1	Kuroneko	I said it was nothing, didn't I?
2	Kyousuke	That's not how it looks though.
3	Kuroneko	Um... I'm not used to this kind of ambiance.
4	Kyousuke	I agree. It feels kinda awkward.
5	Kuroneko	It's like I'm at odds with it.
6	Kyousuke	Ah, I can relate with that.
7	Kuroneko	You too, dwell on this side of the fence, no?
8	Kyousuke	Cut me some slack.
9	Kyousuke	Really? I think it's a nice and calming ambiance 
though.
10	Kuroneko	C-Can't you feel it? The provoking holy aura that 
fills this place?
11	Kyousuke	...Didn't you turn into a Holy Angel though?
12	Kuroneko	Sustaining that form was truly exhausting for a 
Fallen Angel. Hence, I took this form after 
exhausting my magic.
13	Kyousuke	That's the backstory behind that appearance?
14	Kuroneko	In any case, this isn't a place where I can stay for 
long.
15	Kuroneko	Let us depart at once.
16	Kyousuke	Yeah, we should. We have been talking for quite 
some time here.
17	Kuroneko	So, where are we going next?
18	Kyousuke	How about the electronics shop? There's something 
I want to see.
19	Kuroneko	Yes...
20	Kuroneko	That's the best place for us, it seems.
21	Kyousuke	Seems like it.
22	Kyousuke	Do you still want to do some more window 
shopping?
23	Kuroneko	We've already visited the places that were 
interesting though...
24	Kyousuke	Are there any other places that caught your eye?
25	Kuroneko	Let's see... How about stopping by the electronics 
store?
26	Kyousuke	I'm fine with that, but...
27	Kuroneko	What is it?
28	Kyousuke	So it has come to this in the end.
29	Kuroneko	You don't want to?
30	Kyousuke	The fact that I'm fine with it is the greatest 
problem here.
31	Kuroneko	Fufu... That's right.
32	Kyousuke	Okay, I'll get the bill.
33	Kuroneko	Wait... Let me pay too.
34	Kyousuke	I'll pay for it this time.
35	Kuroneko	But I couldn't impose...
36	Kyousuke	It's fine. Let me take care of this.
37	Kuroneko	But...
38	Kyousuke	Let me show off at times like these, at least.
39	Kyousuke	Eh?
40	Kuroneko	I said I'll pay too. How much is it?
41	Kyousuke	Oh no, no. We're on a date, it's natural for the guy 
to pay.
42	Kuroneko	It's not my intention to push all the burden onto you 
alone.
43	Kyousuke	It's not that big of a deal.
44	Kuroneko	But...
45	Kyousuke	Maybe you can treat me next time then.
46	Kuroneko	...Okay.
47	Kyousuke	Alright, I'll go pay.
48	Kuroneko	Ah, Senpai...
49	Kyousuke	Hm?
50	Kuroneko	Umm... Thank you.
51	Kuroneko	So, how much should I pay?
52	Kyousuke	No, this is when the guy should pay, right?
53	Kuroneko	You'll have to do a better job at showing off next 
time then.
54	Kyousuke	Ugh...
