0		Destiny Record
1		--Welcome, visitor from afar, to our world known as 
the Destiny Record.
2		......This is the valley of endings and rebirths, the 
place where many destinies assemble.
3		--Well then, tell me about your past...
4	Kiririn	Okayokayokay~! That's enough beating around the 
bush~♪
5	Kiririn	Now, let's start from the top.
6	Kiririn	Thank you for buying "Ore no Imouto ga Konna ni 
Kawaii Wake ga Nai Portable ga Tsuzuku Wake ga 
Nai"!
7	Kiririn	How do you do? I'm the one that governs your 
destiny, the super adorable fairy Kiririn~
8	Kiririn	And this is Kuronyan.
9	Kuronyan	Nice to meet you.
10	Kiririn	Hm? Do we resemble someone?
11	Kiririn	That's just your imagination, no need to worry 
about such minor details♪
12	Kiririn	I mean, where else could you find girls this cute?
13	Kuronyan	How unabashed of you. Alright, let's get to the real 
issue at hand.
14	Kiririn	OK, um~ We will now give a brief explanation of 
the game and decide on your destined scenario to 
play.
15	Kiririn	This game is a sequel to the previous title, "Ore no 
Imouto ga Konna ni Kawaii Wake ga Nai Portable", 
but...
16	Kiririn	How should I put it? It seems pretty complicated 
from where I'm standing.
17	Kiririn	This game contains the usual format of stories 
continuing after the previous game's endings, while 
having stories that aren't linked at all.
18	Kuronyan	You're making it harder to understand with that 
kind of explanation.
19	Kuronyan	Other than a few exceptions, this game starts at 
the point of you starting a relationship with your 
lover- or someone you care for.
20	Kuronyan	Being with your beloved girlfriend... Spending a fun 
summertime together - that's basically the idea of 
this game.
21	Kuronyan	Do you understand now?
22	Kiririn	We will now start asking questions about "Your 
Cute Lover", so do answer this seriously!
23	Kuronyan	If your feelings for your beloved girlfriend are 
genuine, you'll definitely be able to choose the 
correct choices.
24	Kuronyan	Now then, take these first.
25	Kuronyan	Order Record Effect (O.R.E System), the key items 
to answer our questions.
26	Kiririn	O.R.E for short.
27	Kuronyan	...Do you know how to use these?
28	Kiririn	Yes yes, just like that.
29	Kuronyan	...What a helpless being. I'll explain it then.
30	Kuronyan	......
31	Kuronyan	...Do you see the O.R.Es displayed on the top corners 
of the screen right now?
32	Kuronyan	Select them by pressing Left or Right on the D-Pad, 
then press the Square button to confirm your 
choice.
33	Kuronyan	Do you understand?
34	Kiririn	By the way, not selecting anything in this example is 
the same as selecting No.
35	Kiririn	Yes yes, just like that.
36	Kuronyan	...You really are helpless. I'll explain it again, once 
more.
37	Kiririn	OK, let's kick this off!
38	Kuronyan	Yes... Let's embark on a journey to discover your 
past.
39	Kiririn	Let's start with the super fundamental stuff.
40	Kiririn	Have you played the previous game, "Ore no 
Imouto ga Konna ni Kawaii Wake ga Nai Portable" 
before?
41	Kiririn	And also, fully completed?
42	Kiririn	Uh huh, of course you did-
43	Kiririn	Well, let's see here...
44	Kiririn	Hey, so I just checked, but there's no save data of 
the previous game though?
45	Kiririn	You... Have you really played it?
46	Kuronyan	Claiming someone hasn't played it because you 
can't find the save data is a rash decision.
47	Kuronyan	Since he's saying he played it, please believe him.
48	Kiririn	Kay.
49	Kiririn	Well then, that's the gist of it.
50	Kiririn	...Whoa, it's true. There's the previous game's save 
data.
51	Kuronyan	Thank you for properly playing it.
52	Kiririn	Well then, that's the gist of it.
53	Kiririn	Wow-!? It's fully completed!!
54	Kuronyan	...Oh my. Really?
55	Kiririn	Really really. Check it out. Here.
56	Kuronyan	...Amazing.
57	Kuronyan	You've worked hard. You're a true little sister 
master.
58	Kiririn	Um... I'll say this only once, so listen carefully.
59	Kiririn	Thanks, Aniki.
60	Kuronyan	Please try to fully complete this game too.
61	Kiririn	Well then, that's the gist of it.
62	Kiririn	Hey, you! Why are you playing the sequel without 
playing the previous game!?
63	Kiririn	It's bundled in the same package with this game, 
so get to it quickly!
64	Kiririn	Well, suddenly playing this isn't really a problem 
though...
65	Kuronyan	Ending up in this situation isn't an oversight. That's 
why we are here.
66	Kuronyan	He hasn't played the previous game, so we'll guide 
him to the routes that contain little connections to 
the past.
67	Kiririn	That's true. Well then, that's the gist of it.
68	Kiririn	This time I'll give you these 3 O.R.Es.
69	Kiririn	Right, good luck!
70	Kuronyan	Your destiny contains misfortune... I'm looking 
forward to what kind of tale you will spin...
71	Kiririn	Have a safe journey♪
72	Kiririn	Oh, this is...
73	Kuronyan	Yes, that's right. The public park commonly used 
for climactic scenes in the previous game.
74	Kuronyan	Isn't it an appropriate location for the next 
question?
75	Kiririn	I see.
76	Kiririn	Alright, onto the next question.
77	Kiririn	Do you have a girlfriend?
78	Kuronyan	...I see, so you already have a girlfriend.
79	Kuronyan	...I see, so you still don't have a girlfriend.
80	Kuronyan	If that is the case, I will hand you these O.R.Es.
81	Kiririn	It would be nice if you could get a girlfriend~ I'll 
be rooting for you①
82	Kuronyan	Your destiny contains misfortune... I'm looking 
forward to what kind of tale you will spin...
83	Kiririn	Have a safe journey♪
84	Kuronyan	Now then... let's use this location for the next 
question.
85	Kiririn	Okay, listen up.
86	Kiririn	So... What kind of person is your girlfriend like?
87	Kuronyan	We should ask for specifics.
88	Kuronyan	Perhaps your sweetheart is...
89	Kuronyan	like this person?
90	Kiririn	There's no way!
91	Kuronyan	Well then,
92	Kuronyan	like this?
93	Kiririn	Don't show such disgusting pictures!
94	Kuronyan	By the way, I got these images from your mobile 
phone.
95	Kiririn	Liar! Y-You're wrong!
96	Kiririn	Sheesh... Take this seriously!
97	Kuronyan	Fine, fine.
98	Kuronyan	Now, I'll hand you the O.R.Es to respond to a 
question again.
99	Kuronyan	Here's the question. Is your girlfriend:
100	Kuronyan	This kind of high-school girl that has a mysterious 
charm?
101	Kiririn	Hey.
102	Kiririn	Isn't that cunning? Hey, isn't that cunning of you?
103	Kuronyan	What do you mean? I don't quite understand.
104	Kiririn	You got it all wrong. In this situation...
105	Kiririn	You're supposed to use this image here.
106	Kiririn	This type of "gathering and lifting" high school 
student?
107	Kiririn	Or...
108	Kiririn	This type of middle school student with ample sex 
appeal?
109	Kuronyan	...That's full of bad intentions.
110	Kiririn	Shut up. Well, how about it?
111	Kiririn	Is your girlfriend a middle school student? Or is she 
a high school student?
112	Kiririn	Huh... I see.
113	Kuronyan	I understood that well.
114	Kiririn	Then, onto the last question.
115	Kiririn	Is your girlfriend...
116	Kiririn	a little sister?
117	Kuronyan	...That way of asking can lead to a dangerous 
misunderstanding.
118	Kuronyan	To clarify, she meant to ask "Does your girlfriend 
have an older brother or sister?"
119	Kuronyan	Go on... How about it?
120	Kiririn	...Yup, I got it.
121	Kiririn	The last question's answer... I have noted that down.
122	Kuronyan	Congratulations... To you, I grant you these O.R.Es.
123	Kuronyan	Thank you for keeping us company.
124	Kiririn	Take care. Send our regards to that super cute 
girlfriend!
125	Kuronyan	Thank you for keeping us company.
126	Kiririn	Take care. Send our regards to that super cute 
girlfriend!
127	Kiririn	Eh? Your girlfriend is a high school student?
128	Kiririn	For real~? Unbelievable.
129	Kiririn	I mean, isn't a high school student already an old 
hag?
130	Kuronyan	Say as much as you like. You're just like a kid.
131	Kiririn	I win when it comes to breasts though!
132	Kuronyan	Kuh... You have a comeback for everything...
133	Kiririn	Well... anyways, this time I'm giving you these O.R.Es.
134	Kiririn	Not appreciating the good points of middle school 
students... You're really losing out on life, you know?
135	Kuronyan	Yes, yes. Stop being a sore loser and let's send him 
out on his way.
136	Kiririn	Just leave already! You idiot!
137	Kuronyan	Take care. Hey... senpai? Isn't it about time to wake 
up?
138	Kiririn	Hm? Huh?
139	Kiririn	Your girlfriend is neither a middle nor high school 
student...
140	Kiririn	Wait, w-w-w-what do you mean?
141	Kuronyan	Ele...
142	Kuronyan	Y-Y-You mean... an elementary school student...?
143	Kiririn	You're actually dating an elementary school 
student?!
144	Kuronyan	You're the worst kind of scum...
145	Kiririn	Pervert pervert pervert! Just get out of here 
already----!
146	Kuronyan	...I've given it some thought.
147	Kuronyan	There's only one O.R.E that matches these criteria.
148	Kiririn	Seriously? Does it exist? Something like that?
149	Kuronyan	Yes...
150	Kuronyan	In this case, the O.R.E I'm handing to you is... this.
151	Kiririn	Eh? I don't get it? How does this match the 
criteria?
152	Kuronyan	That is of course... something to be found out 
afterward.
153	Kuronyan	Well... it's almost time. Please return to your world.
154	Kiririn	Eh-? I really don't understand thou-
155	Kyousuke	...*yawn*
156	Kyousuke	It feels like I just had an outrageous dream.
157		My name is Kousaka Kyousuke. An ordinary student.
158		...Just kidding, there's probably no need for this 
self-introduction.
159		It's way too hot outside.
160		Today, I will be fully enjoying my summer vacation, 
like usual.
161		Well then, Summer Comiket ended already, so...
162	Kyousuke	What should I do today?
163		Ask Kirino out?
164	Kyousuke	..................
165	Kyousuke	............
166	Kyousuke	......
167		Ask Kuroneko out?
168	Kyousuke	..................
169	Kyousuke	............
170	Kyousuke	......
171		Ask Saori out?
172	Kyousuke	..................
173	Kyousuke	............
174	Kyousuke	......
175		Ask Manami out?
176	Kyousuke	..................
177	Kyousuke	............
178	Kyousuke	......
179		Ask Ayase out?
180	Kyousuke	..................
181	Kyousuke	............
182	Kyousuke	......
183		Ask Kanako out?
184	Kyousuke	..................
185	Kyousuke	............
186	Kyousuke	......
187		Go to the Games Research Club?
188	Kyousuke	..................
189	Kyousuke	............
190	Kyousuke	......
191		Hmm, I guess...
192	Kyousuke	......Let's ask Kirino out.
193	Kyousuke	......Let's ask Kuroneko out.
194	Kyousuke	......Let's ask Saori out.
195	Kyousuke	......Let's ask Manami out.
196	Kyousuke	......Let's ask Ayase out.
197	Kyousuke	......Let's ask Kanako out.
198	Kyousuke	......I should visit the Games Research Club every 
now and then.
199	Kyousuke	Well, let's not ask anyone out...
200		I got some spare time, let's go to the bookstore.
201		Although I've arrived at the bookstore, I wasn't 
looking for anything in particular. Well, it's a change 
of pace, back to studying now.
202		However.
203	???	Kousaka-kun!
204		That's when I came across unexpected company...
