0		Kiririn & Kuronyan Theatre
1	Kiririn	The story ends here! Too bad!
2	Kuronyan	You have made a mistake in deciding your destiny.
3	Kiririn	I mean come on! Don't make such a simple mistake!
4	Kuronyan	Indeed... Such a pitiful male.
5	Kuronyan	Honestly, there is a little more to the story that you 
missed out on seeing...
6	Kiririn	Ah~ well~ I can't believe you won't get to see that 
super awesome fan-service scene. What a shame!
7	Kuronyan	S-Such a scene doesn't exist.
8	Kiririn	Eh~?
9	Kuronyan	A-Anyway, we shall bestow upon you a tip to lead 
you to the right path.
10	Kiririn	Yes, yes. Yeah... so the most important thing is to 
think earnestly about the heroine.
11	Kiririn	Put your shame and regrets aside, isn't it fine to 
just be honest with your feelings?
12	Kuronyan	To salvage a heart corroded by the darkness, a 
correct confession of a "Holy Word" is necessary.
13	Kiririn	Yeah yeah, you Chuunibyou.
14	Kuronyan	Well then, oh lost lamb, let's meet in a happy future 
next time.
15	Kiririn	Good luck! Welp, see ya~!
