0		New RPG x Cultural Festival
1		Meanwhile, the game development steadily 
continues.
2		As for our situation a week before the cultural 
festival, we were in a tight spot.
3	Kuroneko	I finished the script. Please go through it.
4	Sena	Okay, I'll look at it now!
5	Kuroneko	...With all the rushing of work, I don't even know 
what I'm writing about anymore...
6	Sena	I'll edit where you left off, so you don't have to 
worry about it!
7	Kyousuke	Still, talk about being good at what you like doing... 
Even if this turns into a scene of carnage, Sena 
probably won't even stop.
8	Kyousuke	Even though most of the guys are down already.
9	Kuroneko	You and him are the only remaining ones alive, 
aren't you?
10	Kyousuke	Yeah...
11	Akagi	When it comes to endurance, that's where I'm most 
confident! I can go on for 2, even 3 days without 
sleep!
12	Kyousuke	I can't believe this guy is actually being useful at 
the very end...
13	Akagi	Hey, Makabe! I found something strange again. 
Wake up and fix this!
14	Makabe	Ah... You found a bug...? Then, I'll wake up... Prez...
15	President	Okay, okay, naptime's over...
16		Even through the constant turmoil, the day of the 
cultural festival arrived.
17		The game research club's newest RPG 
"Brotherhood" made its debut to the entire school.
18		That's right, we finished the day of the cultural 
festival! Or I should say, we somehow made it in 
time. Despite being at death's door, though.
19		A-As for how well it was received...
20	Kyousuke	Th-This is...
21	Sena	I was doubtful about finishing it, but I listened to 
what you said and worked with all my energy and 
now, it is complete! Thank you!
22	Kyousuke	Ummm, what did I even say...?
23	Sena	Yes well, something like, "Be more honest with your 
interests!"
24	Kyousuke	I see, thanks to that...
25		The finished game actually turned into a hardcore 
homo RPG at the end.
26	Kuroneko	...Akagi-san. When did the character names become 
Akagi and Kyousuke...
27	Sena	Well, it just didn't seem right if I didn't name them 
that. Of course, I didn't modify the scripts you 
wrote.
28	Kyousuke	And the character illustrations, when did they 
become more like me and Akagi...?
29	Sena	Ehehehe. I was honest with the image in my mind 
when I made them.
30	Kuroneko	I wonder how you even had enough time to 
redraw the CGs...
31	Sena	When you wrestle with something you love, you can 
work more than twice as fast.
32	Sena	Through this experience, I understood it well. Like 
your 6 kilobytes-per-hour writing, it's a speed you 
can achieve because it's a subject you love.
33	Kuroneko	Fufu... Fufufufufu...
34	Kyousuke	W-What's wrong, Kuroneko? Why are you laughing?
35	Kuroneko	That's right... it has to be that way... The true 
pleasure of doujins...! The culmination of 
self-satisfaction...!
36	Kuroneko	Ignoring all the pressure and restraints, slipping 
under even the creators' noses, squeezing in all the 
rotten materials into this path of bloodshed.
37	Kuroneko	As I expected, you are no ordinary person. My 
judgment was not wrong, having granted you the 
title of The Mystic Eyes...
38		I don't get it, but seems like Kuroneko is seeing 
Sena as a rival in a whole new level now...
39	Makabe	U-Umm... Can I ask something? This character 
jealous about the relationship between Akagi and 
Kyousuke and always being tortured by them...
40	Sena	Who else do you think resembles him?
41	Makabe	｛120：Riiiighhhht!? No matter how you look at 
this character, I'm the model, right??｝
42	Sena	I put a considerable amount of effort into the 
scene where you get disabled, so please look 
forward to it!
43	Makabe	｛80：This game... is being released in the school's cultural festival, 
right...｝｛70：Right...?｝
44		Forget the game, the real Makabe looks like he's 
disabled already...
45	Kyousuke	It was... pretty well-received.
46	Sena	I-Is that so...
47	Makabe	The people who played it had fun. The anime club 
members even praised us, going "This looks pretty 
professional."
48	Makabe	I'm just glad that more people came. Until now, not 
many people even came to look at our works.
49	Akagi	I got some people from the soccer club to come 
too!
50	Kyousuke	Well, it didn't really matter if they were here 
anyway...
51	President	Hey, rejoice everyone! I bring some good news.
52	Makabe	Ah, President. Where have you been?
53	President	I thought I might do something a club president 
would normally do.
54	President	Using the game's high approval, I negotiated with 
the teachers. They might increase our club funding 
from now on.
55	Makabe	Really!?
56		Makabe grabbed onto his hands and hopped in joy.
57		To be honest, even I was doing a triumphant "guts 
pose" in my mind. I'm happy the thing we made 
was well-received...
58	Kuroneko	...It seems this was a big success. Good for you.
59	Sena	Y-Yeah...! Thanks to everyone! Thank you very much!
60	Kuroneko	Now then, our hardship was rewarded... Now that 
it's over, I've gotten rather sleepy...
61	President	Whoa now, it's a bit early to rest. Let's celebrate 
with a party? I'm hungry.
62	Makabe	That sounds nice, I'll go buy some stuff. I wonder if 
the food stands are still open?
63		Thus, the cultural festival ended, and the modest 
party in the club room ended as well.
64		Not too long afterward, only Sena and I remained, 
cleaning up after the party.
65	Kyousuke	...So you haven't slept for three days, right? Leave 
the rest of the cleaning to me; you can go home 
and rest up.
66	Sena	I'm fine, I don't mind cleaning up.
67	Sena	That and, I'm so excited I can't calm myself down... 
It would be a waste if I just went home.
68	Kyousuke	Ah, I know that feeling. When I went to Comiket, I 
felt the same way.
69	Sena	Yeah. After an event like this, the fun, the pain, the 
feeling of accomplishment... all these various feelings 
mixed together, I can't express it in words.
70	Kyousuke	Yeah.
71		I kept up this casual conversation, but my heart's 
pounding like crazy.
72		That's because... I could feel a sense of 
determination coming from Sena's behavior.
73		With only time passing, the cleaning's almost done...
74	Sena	Um... Senpai.
